Window Positions   	   Window Contents   	   Mean Hydrophobicity
0-20                                      	MAVMAPRTLLLLLSGALALTQ                                     	1.410
1-21                                      	AVMAPRTLLLLLSGALALTQT                                     	1.286
2-22                                      	VMAPRTLLLLLSGALALTQTW                                     	1.157
3-23                                      	MAPRTLLLLLSGALALTQTWA                                     	1.043
4-24                                      	APRTLLLLLSGALALTQTWAG                                     	0.933
5-25                                      	PRTLLLLLSGALALTQTWAGS                                     	0.810
6-26                                      	RTLLLLLSGALALTQTWAGSH                                     	0.733
7-27                                      	TLLLLLSGALALTQTWAGSHS                                     	0.910
8-28                                      	LLLLLSGALALTQTWAGSHSM                                     	1.033
9-29                                      	LLLLSGALALTQTWAGSHSMR                                     	0.638
10-30                                      	LLLSGALALTQTWAGSHSMRY                                     	0.395
11-31                                      	LLSGALALTQTWAGSHSMRYF                                     	0.348
12-32                                      	LSGALALTQTWAGSHSMRYFF                                     	0.300
13-33                                      	SGALALTQTWAGSHSMRYFFT                                     	0.086
14-34                                      	GALALTQTWAGSHSMRYFFTS                                     	0.086
15-35                                      	ALALTQTWAGSHSMRYFFTSV                                     	0.305
16-36                                      	LALTQTWAGSHSMRYFFTSVS                                     	0.181
17-37                                      	ALTQTWAGSHSMRYFFTSVSR                                     	-0.214
18-38                                      	LTQTWAGSHSMRYFFTSVSRP                                     	-0.376
19-39                                      	TQTWAGSHSMRYFFTSVSRPG                                     	-0.576
20-40                                      	QTWAGSHSMRYFFTSVSRPGR                                     	-0.757
21-41                                      	TWAGSHSMRYFFTSVSRPGRG                                     	-0.610
22-42                                      	WAGSHSMRYFFTSVSRPGRGE                                     	-0.743
23-43                                      	AGSHSMRYFFTSVSRPGRGEP                                     	-0.776
24-44                                      	GSHSMRYFFTSVSRPGRGEPR                                     	-1.076
25-45                                      	SHSMRYFFTSVSRPGRGEPRF                                     	-0.924
26-46                                      	HSMRYFFTSVSRPGRGEPRFI                                     	-0.671
27-47                                      	SMRYFFTSVSRPGRGEPRFIA                                     	-0.433
28-48                                      	MRYFFTSVSRPGRGEPRFIAV                                     	-0.195
29-49                                      	RYFFTSVSRPGRGEPRFIAVG                                     	-0.305
30-50                                      	YFFTSVSRPGRGEPRFIAVGY                                     	-0.152
31-51                                      	FFTSVSRPGRGEPRFIAVGYV                                     	0.110
32-52                                      	FTSVSRPGRGEPRFIAVGYVD                                     	-0.190
33-53                                      	TSVSRPGRGEPRFIAVGYVDD                                     	-0.490
34-54                                      	SVSRPGRGEPRFIAVGYVDDT                                     	-0.490
35-55                                      	VSRPGRGEPRFIAVGYVDDTQ                                     	-0.619
36-56                                      	SRPGRGEPRFIAVGYVDDTQF                                     	-0.686
37-57                                      	RPGRGEPRFIAVGYVDDTQFV                                     	-0.448
38-58                                      	PGRGEPRFIAVGYVDDTQFVR                                     	-0.448
39-59                                      	GRGEPRFIAVGYVDDTQFVRF                                     	-0.238
40-60                                      	RGEPRFIAVGYVDDTQFVRFD                                     	-0.386
41-61                                      	GEPRFIAVGYVDDTQFVRFDS                                     	-0.210
42-62                                      	EPRFIAVGYVDDTQFVRFDSD                                     	-0.357
43-63                                      	PRFIAVGYVDDTQFVRFDSDA                                     	-0.105
44-64                                      	RFIAVGYVDDTQFVRFDSDAA                                     	0.057
45-65                                      	FIAVGYVDDTQFVRFDSDAAS                                     	0.233
46-66                                      	IAVGYVDDTQFVRFDSDAASQ                                     	-0.067
47-67                                      	AVGYVDDTQFVRFDSDAASQR                                     	-0.495
48-68                                      	VGYVDDTQFVRFDSDAASQRM                                     	-0.490
49-69                                      	GYVDDTQFVRFDSDAASQRME                                     	-0.857
50-70                                      	YVDDTQFVRFDSDAASQRMEP                                     	-0.914
51-71                                      	VDDTQFVRFDSDAASQRMEPR                                     	-1.067
52-72                                      	DDTQFVRFDSDAASQRMEPRA                                     	-1.181
53-73                                      	DTQFVRFDSDAASQRMEPRAP                                     	-1.090
54-74                                      	TQFVRFDSDAASQRMEPRAPW                                     	-0.967
55-75                                      	QFVRFDSDAASQRMEPRAPWI                                     	-0.719
56-76                                      	FVRFDSDAASQRMEPRAPWIE                                     	-0.719
57-77                                      	VRFDSDAASQRMEPRAPWIEQ                                     	-1.019
58-78                                      	RFDSDAASQRMEPRAPWIEQE                                     	-1.386
59-79                                      	FDSDAASQRMEPRAPWIEQEG                                     	-1.190
60-80                                      	DSDAASQRMEPRAPWIEQEGP                                     	-1.400
61-81                                      	SDAASQRMEPRAPWIEQEGPE                                     	-1.400
62-82                                      	DAASQRMEPRAPWIEQEGPEY                                     	-1.424
63-83                                      	AASQRMEPRAPWIEQEGPEYW                                     	-1.300
64-84                                      	ASQRMEPRAPWIEQEGPEYWD                                     	-1.552
65-85                                      	SQRMEPRAPWIEQEGPEYWDQ                                     	-1.805
66-86                                      	QRMEPRAPWIEQEGPEYWDQE                                     	-1.933
67-87                                      	RMEPRAPWIEQEGPEYWDQET                                     	-1.800
68-88                                      	MEPRAPWIEQEGPEYWDQETR                                     	-1.800
69-89                                      	EPRAPWIEQEGPEYWDQETRN                                     	-2.057
70-90                                      	PRAPWIEQEGPEYWDQETRNV                                     	-1.690
71-91                                      	RAPWIEQEGPEYWDQETRNVK                                     	-1.800
72-92                                      	APWIEQEGPEYWDQETRNVKA                                     	-1.500
73-93                                      	PWIEQEGPEYWDQETRNVKAQ                                     	-1.752
74-94                                      	WIEQEGPEYWDQETRNVKAQS                                     	-1.714
75-95                                      	IEQEGPEYWDQETRNVKAQSQ                                     	-1.838
76-96                                      	EQEGPEYWDQETRNVKAQSQT                                     	-2.086
77-97                                      	QEGPEYWDQETRNVKAQSQTD                                     	-2.086
78-98                                      	EGPEYWDQETRNVKAQSQTDR                                     	-2.133
79-99                                      	GPEYWDQETRNVKAQSQTDRV                                     	-1.767
80-100                                      	PEYWDQETRNVKAQSQTDRVD                                     	-1.914
81-101                                      	EYWDQETRNVKAQSQTDRVDL                                     	-1.657
82-102                                      	YWDQETRNVKAQSQTDRVDLG                                     	-1.510
83-103                                      	WDQETRNVKAQSQTDRVDLGT                                     	-1.481
84-104                                      	DQETRNVKAQSQTDRVDLGTL                                     	-1.257
85-105                                      	QETRNVKAQSQTDRVDLGTLR                                     	-1.305
86-106                                      	ETRNVKAQSQTDRVDLGTLRG                                     	-1.157
87-107                                      	TRNVKAQSQTDRVDLGTLRGY                                     	-1.052
88-108                                      	RNVKAQSQTDRVDLGTLRGYY                                     	-1.081
89-109                                      	NVKAQSQTDRVDLGTLRGYYN                                     	-1.033
90-110                                      	VKAQSQTDRVDLGTLRGYYNQ                                     	-1.033
91-111                                      	KAQSQTDRVDLGTLRGYYNQS                                     	-1.271
92-112                                      	AQSQTDRVDLGTLRGYYNQSE                                     	-1.252
93-113                                      	QSQTDRVDLGTLRGYYNQSEA                                     	-1.252
94-114                                      	SQTDRVDLGTLRGYYNQSEAG                                     	-1.105
95-115                                      	QTDRVDLGTLRGYYNQSEAGS                                     	-1.105
96-116                                      	TDRVDLGTLRGYYNQSEAGSH                                     	-1.090
97-117                                      	DRVDLGTLRGYYNQSEAGSHT                                     	-1.090
98-118                                      	RVDLGTLRGYYNQSEAGSHTI                                     	-0.710
99-119                                      	VDLGTLRGYYNQSEAGSHTIQ                                     	-0.662
100-120                                      	DLGTLRGYYNQSEAGSHTIQI                                     	-0.648
101-121                                      	LGTLRGYYNQSEAGSHTIQIM                                     	-0.390
102-122                                      	GTLRGYYNQSEAGSHTIQIMY                                     	-0.633
103-123                                      	TLRGYYNQSEAGSHTIQIMYG                                     	-0.633
104-124                                      	LRGYYNQSEAGSHTIQIMYGC                                     	-0.481
105-125                                      	RGYYNQSEAGSHTIQIMYGCD                                     	-0.829
106-126                                      	GYYNQSEAGSHTIQIMYGCDV                                     	-0.414
107-127                                      	YYNQSEAGSHTIQIMYGCDVG                                     	-0.414
108-128                                      	YNQSEAGSHTIQIMYGCDVGS                                     	-0.390
109-129                                      	NQSEAGSHTIQIMYGCDVGSD                                     	-0.495
110-130                                      	QSEAGSHTIQIMYGCDVGSDG                                     	-0.348
111-131                                      	SEAGSHTIQIMYGCDVGSDGR                                     	-0.395
112-132                                      	EAGSHTIQIMYGCDVGSDGRF                                     	-0.224
113-133                                      	AGSHTIQIMYGCDVGSDGRFL                                     	0.124
114-134                                      	GSHTIQIMYGCDVGSDGRFLR                                     	-0.176
115-135                                      	SHTIQIMYGCDVGSDGRFLRG                                     	-0.176
116-136                                      	HTIQIMYGCDVGSDGRFLRGY                                     	-0.200
117-137                                      	TIQIMYGCDVGSDGRFLRGYR                                     	-0.262
118-138                                      	IQIMYGCDVGSDGRFLRGYRQ                                     	-0.395
119-139                                      	QIMYGCDVGSDGRFLRGYRQD                                     	-0.776
120-140                                      	IMYGCDVGSDGRFLRGYRQDA                                     	-0.524
121-141                                      	MYGCDVGSDGRFLRGYRQDAY                                     	-0.800
122-142                                      	YGCDVGSDGRFLRGYRQDAYD                                     	-1.057
123-143                                      	GCDVGSDGRFLRGYRQDAYDG                                     	-1.014
124-144                                      	CDVGSDGRFLRGYRQDAYDGK                                     	-1.181
125-145                                      	DVGSDGRFLRGYRQDAYDGKD                                     	-1.467
126-146                                      	VGSDGRFLRGYRQDAYDGKDY                                     	-1.362
127-147                                      	GSDGRFLRGYRQDAYDGKDYI                                     	-1.348
128-148                                      	SDGRFLRGYRQDAYDGKDYIA                                     	-1.243
129-149                                      	DGRFLRGYRQDAYDGKDYIAL                                     	-1.024
130-150                                      	GRFLRGYRQDAYDGKDYIALN                                     	-1.024
131-151                                      	RFLRGYRQDAYDGKDYIALNE                                     	-1.171
132-152                                      	FLRGYRQDAYDGKDYIALNED                                     	-1.124
133-153                                      	LRGYRQDAYDGKDYIALNEDL                                     	-1.076
134-154                                      	RGYRQDAYDGKDYIALNEDLR                                     	-1.471
135-155                                      	GYRQDAYDGKDYIALNEDLRS                                     	-1.295
136-156                                      	YRQDAYDGKDYIALNEDLRSW                                     	-1.319
137-157                                      	RQDAYDGKDYIALNEDLRSWT                                     	-1.290
138-158                                      	QDAYDGKDYIALNEDLRSWTA                                     	-0.990
139-159                                      	DAYDGKDYIALNEDLRSWTAA                                     	-0.738
140-160                                      	AYDGKDYIALNEDLRSWTAAD                                     	-0.738
141-161                                      	YDGKDYIALNEDLRSWTAADM                                     	-0.733
142-162                                      	DGKDYIALNEDLRSWTAADMA                                     	-0.586
143-163                                      	GKDYIALNEDLRSWTAADMAA                                     	-0.333
144-164                                      	KDYIALNEDLRSWTAADMAAQ                                     	-0.481
145-165                                      	DYIALNEDLRSWTAADMAAQI                                     	-0.081
146-166                                      	YIALNEDLRSWTAADMAAQIT                                     	0.052
147-167                                      	IALNEDLRSWTAADMAAQITK                                     	-0.071
148-168                                      	ALNEDLRSWTAADMAAQITKR                                     	-0.500
149-169                                      	LNEDLRSWTAADMAAQITKRK                                     	-0.771
150-170                                      	NEDLRSWTAADMAAQITKRKW                                     	-0.995
151-171                                      	EDLRSWTAADMAAQITKRKWE                                     	-0.995
152-172                                      	DLRSWTAADMAAQITKRKWEA                                     	-0.743
153-173                                      	LRSWTAADMAAQITKRKWEAA                                     	-0.490
154-174                                      	RSWTAADMAAQITKRKWEAAH                                     	-0.824
155-175                                      	SWTAADMAAQITKRKWEAAHE                                     	-0.776
156-176                                      	WTAADMAAQITKRKWEAAHEA                                     	-0.652
157-177                                      	TAADMAAQITKRKWEAAHEAE                                     	-0.776
158-178                                      	AADMAAQITKRKWEAAHEAEQ                                     	-0.910
159-179                                      	ADMAAQITKRKWEAAHEAEQL                                     	-0.814
160-180                                      	DMAAQITKRKWEAAHEAEQLR                                     	-1.114
161-181                                      	MAAQITKRKWEAAHEAEQLRA                                     	-0.862
162-182                                      	AAQITKRKWEAAHEAEQLRAY                                     	-1.014
163-183                                      	AQITKRKWEAAHEAEQLRAYL                                     	-0.919
164-184                                      	QITKRKWEAAHEAEQLRAYLD                                     	-1.171
165-185                                      	ITKRKWEAAHEAEQLRAYLDG                                     	-1.024
166-186                                      	TKRKWEAAHEAEQLRAYLDGT                                     	-1.271
167-187                                      	KRKWEAAHEAEQLRAYLDGTC                                     	-1.119
168-188                                      	RKWEAAHEAEQLRAYLDGTCV                                     	-0.733
169-189                                      	KWEAAHEAEQLRAYLDGTCVE                                     	-0.686
170-190                                      	WEAAHEAEQLRAYLDGTCVEW                                     	-0.543
171-191                                      	EAAHEAEQLRAYLDGTCVEWL                                     	-0.319
172-192                                      	AAHEAEQLRAYLDGTCVEWLR                                     	-0.367
173-193                                      	AHEAEQLRAYLDGTCVEWLRR                                     	-0.667
174-194                                      	HEAEQLRAYLDGTCVEWLRRY                                     	-0.814
175-195                                      	EAEQLRAYLDGTCVEWLRRYL                                     	-0.481
176-196                                      	AEQLRAYLDGTCVEWLRRYLE                                     	-0.481
177-197                                      	EQLRAYLDGTCVEWLRRYLEN                                     	-0.733
178-198                                      	QLRAYLDGTCVEWLRRYLENG                                     	-0.586
179-199                                      	LRAYLDGTCVEWLRRYLENGK                                     	-0.605
180-200                                      	RAYLDGTCVEWLRRYLENGKE                                     	-0.952
181-201                                      	AYLDGTCVEWLRRYLENGKET                                     	-0.771
182-202                                      	YLDGTCVEWLRRYLENGKETL                                     	-0.676
183-203                                      	LDGTCVEWLRRYLENGKETLQ                                     	-0.781
184-204                                      	DGTCVEWLRRYLENGKETLQR                                     	-1.176
185-205                                      	GTCVEWLRRYLENGKETLQRT                                     	-1.043
186-206                                      	TCVEWLRRYLENGKETLQRTD                                     	-1.190
187-207                                      	CVEWLRRYLENGKETLQRTDP                                     	-1.233
188-208                                      	VEWLRRYLENGKETLQRTDPP                                     	-1.429
189-209                                      	EWLRRYLENGKETLQRTDPPK                                     	-1.814
190-210                                      	WLRRYLENGKETLQRTDPPKT                                     	-1.681
191-211                                      	LRRYLENGKETLQRTDPPKTH                                     	-1.790
192-212                                      	RRYLENGKETLQRTDPPKTHM                                     	-1.881
193-213                                      	RYLENGKETLQRTDPPKTHMT                                     	-1.700
194-214                                      	YLENGKETLQRTDPPKTHMTH                                     	-1.638
195-215                                      	LENGKETLQRTDPPKTHMTHH                                     	-1.729
196-216                                      	ENGKETLQRTDPPKTHMTHHP                                     	-1.986
197-217                                      	NGKETLQRTDPPKTHMTHHPI                                     	-1.605
198-218                                      	GKETLQRTDPPKTHMTHHPIS                                     	-1.476
199-219                                      	KETLQRTDPPKTHMTHHPISD                                     	-1.624
200-220                                      	ETLQRTDPPKTHMTHHPISDH                                     	-1.590
201-221                                      	TLQRTDPPKTHMTHHPISDHE                                     	-1.590
202-222                                      	LQRTDPPKTHMTHHPISDHEA                                     	-1.471
203-223                                      	QRTDPPKTHMTHHPISDHEAT                                     	-1.686
204-224                                      	RTDPPKTHMTHHPISDHEATL                                     	-1.338
205-225                                      	TDPPKTHMTHHPISDHEATLR                                     	-1.338
206-226                                      	DPPKTHMTHHPISDHEATLRC                                     	-1.186
207-227                                      	PPKTHMTHHPISDHEATLRCW                                     	-1.062
208-228                                      	PKTHMTHHPISDHEATLRCWA                                     	-0.900
209-229                                      	KTHMTHHPISDHEATLRCWAL                                     	-0.643
210-230                                      	THMTHHPISDHEATLRCWALG                                     	-0.476
211-231                                      	HMTHHPISDHEATLRCWALGF                                     	-0.310
212-232                                      	MTHHPISDHEATLRCWALGFY                                     	-0.219
213-233                                      	THHPISDHEATLRCWALGFYP                                     	-0.386
214-234                                      	HHPISDHEATLRCWALGFYPA                                     	-0.267
215-235                                      	HPISDHEATLRCWALGFYPAE                                     	-0.281
216-236                                      	PISDHEATLRCWALGFYPAEI                                     	0.086
217-237                                      	ISDHEATLRCWALGFYPAEIT                                     	0.129
218-238                                      	SDHEATLRCWALGFYPAEITL                                     	0.095
219-239                                      	DHEATLRCWALGFYPAEITLT                                     	0.100
220-240                                      	HEATLRCWALGFYPAEITLTW                                     	0.224
221-241                                      	EATLRCWALGFYPAEITLTWQ                                     	0.210
222-242                                      	ATLRCWALGFYPAEITLTWQR                                     	0.162
223-243                                      	TLRCWALGFYPAEITLTWQRD                                     	-0.090
224-244                                      	LRCWALGFYPAEITLTWQRDG                                     	-0.076
225-245                                      	RCWALGFYPAEITLTWQRDGE                                     	-0.424
226-246                                      	CWALGFYPAEITLTWQRDGED                                     	-0.376
227-247                                      	WALGFYPAEITLTWQRDGEDQ                                     	-0.662
228-248                                      	ALGFYPAEITLTWQRDGEDQT                                     	-0.652
229-249                                      	LGFYPAEITLTWQRDGEDQTQ                                     	-0.905
230-250                                      	GFYPAEITLTWQRDGEDQTQD                                     	-1.252
231-251                                      	FYPAEITLTWQRDGEDQTQDT                                     	-1.267
232-252                                      	YPAEITLTWQRDGEDQTQDTE                                     	-1.567
233-253                                      	PAEITLTWQRDGEDQTQDTEL                                     	-1.324
234-254                                      	AEITLTWQRDGEDQTQDTELV                                     	-1.048
235-255                                      	EITLTWQRDGEDQTQDTELVE                                     	-1.300
236-256                                      	ITLTWQRDGEDQTQDTELVET                                     	-1.167
237-257                                      	TLTWQRDGEDQTQDTELVETR                                     	-1.595
238-258                                      	LTWQRDGEDQTQDTELVETRP                                     	-1.638
239-259                                      	TWQRDGEDQTQDTELVETRPA                                     	-1.733
240-260                                      	WQRDGEDQTQDTELVETRPAG                                     	-1.719
241-261                                      	QRDGEDQTQDTELVETRPAGD                                     	-1.843
242-262                                      	RDGEDQTQDTELVETRPAGDG                                     	-1.695
243-263                                      	DGEDQTQDTELVETRPAGDGT                                     	-1.514
244-264                                      	GEDQTQDTELVETRPAGDGTF                                     	-1.214
245-265                                      	EDQTQDTELVETRPAGDGTFQ                                     	-1.362
246-266                                      	DQTQDTELVETRPAGDGTFQK                                     	-1.381
247-267                                      	QTQDTELVETRPAGDGTFQKW                                     	-1.257
248-268                                      	TQDTELVETRPAGDGTFQKWA                                     	-1.005
249-269                                      	QDTELVETRPAGDGTFQKWAA                                     	-0.886
250-270                                      	DTELVETRPAGDGTFQKWAAV                                     	-0.519
251-271                                      	TELVETRPAGDGTFQKWAAVV                                     	-0.152
252-272                                      	ELVETRPAGDGTFQKWAAVVV                                     	0.081
253-273                                      	LVETRPAGDGTFQKWAAVVVP                                     	0.171
254-274                                      	VETRPAGDGTFQKWAAVVVPS                                     	-0.048
255-275                                      	ETRPAGDGTFQKWAAVVVPSG                                     	-0.267
256-276                                      	TRPAGDGTFQKWAAVVVPSGE                                     	-0.267
257-277                                      	RPAGDGTFQKWAAVVVPSGEE                                     	-0.400
258-278                                      	PAGDGTFQKWAAVVVPSGEEQ                                     	-0.352
259-279                                      	AGDGTFQKWAAVVVPSGEEQR                                     	-0.490
260-280                                      	GDGTFQKWAAVVVPSGEEQRY                                     	-0.638
261-281                                      	DGTFQKWAAVVVPSGEEQRYT                                     	-0.652
262-282                                      	GTFQKWAAVVVPSGEEQRYTC                                     	-0.367
263-283                                      	TFQKWAAVVVPSGEEQRYTCH                                     	-0.500
264-284                                      	FQKWAAVVVPSGEEQRYTCHV                                     	-0.267
265-285                                      	QKWAAVVVPSGEEQRYTCHVQ                                     	-0.567
266-286                                      	KWAAVVVPSGEEQRYTCHVQH                                     	-0.552
267-287                                      	WAAVVVPSGEEQRYTCHVQHE                                     	-0.533
268-288                                      	AAVVVPSGEEQRYTCHVQHEG                                     	-0.510
269-289                                      	AVVVPSGEEQRYTCHVQHEGL                                     	-0.414
270-290                                      	VVVPSGEEQRYTCHVQHEGLP                                     	-0.576
271-291                                      	VVPSGEEQRYTCHVQHEGLPK                                     	-0.962
272-292                                      	VPSGEEQRYTCHVQHEGLPKP                                     	-1.238
273-293                                      	PSGEEQRYTCHVQHEGLPKPL                                     	-1.257
274-294                                      	SGEEQRYTCHVQHEGLPKPLT                                     	-1.214
275-295                                      	GEEQRYTCHVQHEGLPKPLTL                                     	-0.995
276-296                                      	EEQRYTCHVQHEGLPKPLTLR                                     	-1.190
277-297                                      	EQRYTCHVQHEGLPKPLTLRW                                     	-1.067
278-298                                      	QRYTCHVQHEGLPKPLTLRWE                                     	-1.067
279-299                                      	RYTCHVQHEGLPKPLTLRWEL                                     	-0.719
280-300                                      	YTCHVQHEGLPKPLTLRWELS                                     	-0.543
281-301                                      	TCHVQHEGLPKPLTLRWELSS                                     	-0.519
282-302                                      	CHVQHEGLPKPLTLRWELSSQ                                     	-0.652
283-303                                      	HVQHEGLPKPLTLRWELSSQP                                     	-0.848
284-304                                      	VQHEGLPKPLTLRWELSSQPT                                     	-0.729
285-305                                      	QHEGLPKPLTLRWELSSQPTI                                     	-0.714
286-306                                      	HEGLPKPLTLRWELSSQPTIP                                     	-0.624
287-307                                      	EGLPKPLTLRWELSSQPTIPI                                     	-0.257
288-308                                      	GLPKPLTLRWELSSQPTIPIV                                     	0.110
289-309                                      	LPKPLTLRWELSSQPTIPIVG                                     	0.110
290-310                                      	PKPLTLRWELSSQPTIPIVGI                                     	0.143
291-311                                      	KPLTLRWELSSQPTIPIVGII                                     	0.433
292-312                                      	PLTLRWELSSQPTIPIVGIIA                                     	0.705
293-313                                      	LTLRWELSSQPTIPIVGIIAG                                     	0.762
294-314                                      	TLRWELSSQPTIPIVGIIAGL                                     	0.762
295-315                                      	LRWELSSQPTIPIVGIIAGLV                                     	0.995
296-316                                      	RWELSSQPTIPIVGIIAGLVL                                     	0.995
297-317                                      	WELSSQPTIPIVGIIAGLVLL                                     	1.390
298-318                                      	ELSSQPTIPIVGIIAGLVLLG                                     	1.414
299-319                                      	LSSQPTIPIVGIIAGLVLLGA                                     	1.667
300-320                                      	SSQPTIPIVGIIAGLVLLGAV                                     	1.686
301-321                                      	SQPTIPIVGIIAGLVLLGAVI                                     	1.938
302-322                                      	QPTIPIVGIIAGLVLLGAVIT                                     	1.943
303-323                                      	PTIPIVGIIAGLVLLGAVITG                                     	2.090
304-324                                      	TIPIVGIIAGLVLLGAVITGA                                     	2.252
305-325                                      	IPIVGIIAGLVLLGAVITGAV                                     	2.486
306-326                                      	PIVGIIAGLVLLGAVITGAVV                                     	2.471
307-327                                      	IVGIIAGLVLLGAVITGAVVA                                     	2.633
308-328                                      	VGIIAGLVLLGAVITGAVVAA                                     	2.505
309-329                                      	GIIAGLVLLGAVITGAVVAAV                                     	2.505
310-330                                      	IIAGLVLLGAVITGAVVAAVM                                     	2.614
311-331                                      	IAGLVLLGAVITGAVVAAVMW                                     	2.357
312-332                                      	AGLVLLGAVITGAVVAAVMWR                                     	1.929
313-333                                      	GLVLLGAVITGAVVAAVMWRR                                     	1.629
314-334                                      	LVLLGAVITGAVVAAVMWRRK                                     	1.462
315-335                                      	VLLGAVITGAVVAAVMWRRKS                                     	1.243
316-336                                      	LLGAVITGAVVAAVMWRRKSS                                     	1.005
317-337                                      	LGAVITGAVVAAVMWRRKSSD                                     	0.657
318-338                                      	GAVITGAVVAAVMWRRKSSDR                                     	0.262
319-339                                      	AVITGAVVAAVMWRRKSSDRK                                     	0.095
320-340                                      	VITGAVVAAVMWRRKSSDRKG                                     	-0.010
321-341                                      	ITGAVVAAVMWRRKSSDRKGG                                     	-0.229
322-342                                      	TGAVVAAVMWRRKSSDRKGGS                                     	-0.481
323-343                                      	GAVVAAVMWRRKSSDRKGGSY                                     	-0.510
324-344                                      	AVVAAVMWRRKSSDRKGGSYT                                     	-0.524
325-345                                      	VVAAVMWRRKSSDRKGGSYTQ                                     	-0.776
326-346                                      	VAAVMWRRKSSDRKGGSYTQA                                     	-0.890
327-347                                      	AAVMWRRKSSDRKGGSYTQAA                                     	-1.005
328-348                                      	AVMWRRKSSDRKGGSYTQAAS                                     	-1.129
329-349                                      	VMWRRKSSDRKGGSYTQAASS                                     	-1.252
330-350                                      	MWRRKSSDRKGGSYTQAASSD                                     	-1.619
331-351                                      	WRRKSSDRKGGSYTQAASSDS                                     	-1.748
332-352                                      	RRKSSDRKGGSYTQAASSDSA                                     	-1.619
333-353                                      	RKSSDRKGGSYTQAASSDSAQ                                     	-1.571
334-354                                      	KSSDRKGGSYTQAASSDSAQG                                     	-1.376
335-355                                      	SSDRKGGSYTQAASSDSAQGS                                     	-1.229
336-356                                      	SDRKGGSYTQAASSDSAQGSD                                     	-1.357
337-357                                      	DRKGGSYTQAASSDSAQGSDV                                     	-1.119
338-358                                      	RKGGSYTQAASSDSAQGSDVS                                     	-0.990
339-359                                      	KGGSYTQAASSDSAQGSDVSL                                     	-0.595
340-360                                      	GGSYTQAASSDSAQGSDVSLT                                     	-0.443
341-361                                      	GSYTQAASSDSAQGSDVSLTA                                     	-0.338
342-362                                      	SYTQAASSDSAQGSDVSLTAC                                     	-0.200
343-363                                      	YTQAASSDSAQGSDVSLTACK                                     	-0.348
344-364                                      	TQAASSDSAQGSDVSLTACKV                                     	-0.086
345-365                                      	QAASSDSAQGSDVSLTACKV                                     	0.033
346-366                                      	AASSDSAQGSDVSLTACKV                                     	0.038
347-367                                      	ASSDSAQGSDVSLTACKV                                     	-0.343
348-368                                      	SSDSAQGSDVSLTACKV                                     	-0.081
349-369                                      	SDSAQGSDVSLTACKV                                     	0.386
350-370                                      	DSAQGSDVSLTACKV                                     	0.043
Overall Average Hydrophobicity: -0.571844923410578
True Positives (TP): 8
True Negatives (TN): 336
False Positives (FP): 1
False Negatives (FN): 6
Accuracy: 0.98005698005698
Matthews Correlation Coefficient (MCC): 0.703793898610447
